1,3,2025-02-18,2025-02-21,bahamas,APPROUVÉ
2,3,2025-02-18,2025-02-24,Philippines,APPROUVÉ
3,3,2025-03-03,2025-03-07,Vacances,APPROUVÉ
4,3,2025-02-25,2025-02-27,Punta Cana,REJETÉ
5,3,2025-02-26,2025-02-27,Madagascar,APPROUVÉ
6,3,2025-03-10,2025-03-14,,APPROUVÉ
7,3,2025-03-17,2025-03-19,,REJETÉ
8,3,2025-03-24,2025-03-26,,REJETÉ
9,3,2025-02-26,2025-02-27,,APPROUVÉ
10,3,2025-03-24,2025-03-26,bahamas,REJETÉ
11,3,2025-02-24,2025-02-27,madagascar,REJETÉ
12,3,2025-05-19,2025-05-22,Marseille,APPROUVÉ
